snun,35f38d22-8d19-4c26-ba36-9896c5c61c95
fortkidyt,25dfac63-5b19-4397-8d92-c8bdb8cd8a5a
goofeybtw,af62343b-71ba-4dea-91ae-d31dc1f83c73
kaisxrr,ebd12089-8132-47c7-86bd-3b1a6939064c
mrgoodasian,9b925ad4-0fe9-4ebf-948c-17ea7940464b
tgshalo,92cf161d-5e56-4c95-94f9-c0764681b0fb
sir_mateh,f12512f5-29f4-49ad-afdc-0d1abc223a61
trioeyre,d437a9d0-82db-4d82-801c-27a6fddc0287
nostalgion,d7a04cc3-05d5-4a35-99cb-9a3b4e156c0a
theplaceholder,ba74be2b-7697-4a9f-8971-714dc3344781
ughbraces,c9a7d02a-9b53-4142-bb8b-e5431df02dc8
pitastesgood,bd0bc10a-25fb-4d78-bc2d-bb600d704c97
boatta,04901762-1220-42cb-a9b6-9031c638ccbf
monocurve,0ee61c45-c94a-4aad-9a86-c487f8fa7af3
ceedric_,eb5e6429-327c-413c-a064-4e71c7098f0e
volarys_dog,d6a87c81-51eb-4671-8aa4-c5dd217d857f
wetsocks21,b3158ad1-d440-4cd7-9030-cb4443f2f873
redstonebeam,2d9b9c97-d0e2-4e76-b68f-a53c5c821303
getfolded_,5736c3e6-2d59-412c-a65d-ac056c8a568c
austrianer,e1caac93-88b8-4f20-8de5-d5b31dacf11a
wabbit_01,e503ca27-875e-4ea0-be2b-f460664d6654
dr_kiver,ea2e173e-cc00-4640-9534-9795ca8c23c3
krabkake,58298bf5-87a6-4a3f-a78a-2707ae9cd1a3
finnv113,8844b5ea-03f2-476a-8412-356d08a32a24
harkyn_,220b4420-d6bf-43fe-bf5f-ee7a1656b2e2
evenost,cd2de727-7a2e-48d8-b40c-1c62deed8c53
danday,5d4867f9-7c6a-442a-a405-54acd2ea9732
erzziy,13dd75ac-3b32-4506-bb86-974d852df8ad
ezoteric_,c008a1c5-024d-41f2-b697-a794d9b94cf4
baycapybara1714,19fe0653-9948-4fee-9db8-6de42d76265b
jacks9n,d1421c08-d807-4f72-a8fa-857215357176
myver,ccabc0e3-ac4f-4fba-997b-61ed054080ef
queened,b13ecc48-5354-4aef-8894-0a8da68a3974
youngmoneyskytra,5c243b2d-e25b-48f8-b42b-d6f92503392b
itsjustrogue,96ab91d7-fd09-4570-9560-18ceb6372f0e
bepsibola,a92c23ec-c827-42a7-80a6-7d7d07120172
deltaorion,350f93be-6fde-4ffa-ade5-cdf0122ec516
pinkshots,f7b7bc41-9075-4327-b2d4-2bcb3a91e43c
rkn2562,f39134e9-2b77-4815-87eb-92d318774db5
unsensical,d83ce2cc-8f3e-4e33-83ac-8f20680b0805
xojxy,9bed3330-1497-4828-b31e-19d50246c010
kippehz,f9147fc6-0c16-4429-84ac-773513298b54
goosehonk,42e4a577-ea07-4120-beed-ef06788aa82c
connstantinople,a822bd5a-94ee-4987-9e67-9d937d038958
mvpan,dc8f4c32-d750-4eb5-beef-a56c2e322d60
trooopes,27375892-b2e9-45c8-80dc-32fe59813b87
santasbestelf,5d6c54c8-855b-4793-a1e7-6281486db7cf
freecasher,8345837f-76e5-4b14-9934-2d82625dbb19
salatggg,99fcddb8-bf32-471e-9a3a-717c5d477496
75fps,cfc27304-3f02-4ddf-b7a5-672a79de2b06
iraqlobster__,50140192-c33d-4798-a415-19852bae73b3
ulifer,64df5ca3-98e1-44cf-8fca-ffbb8773eaaa
yoongus1,fbe05e83-a4e0-4956-b551-22afb16abf50
deescharien,51e12845-592e-483f-8e9f-2033a86327e6
offlined,5df15dda-0437-4c61-8858-61d333d2a400
kinngg,3076c468-b5fd-4769-9915-326e24b4054e
syoth,fc848eef-c51e-4fa5-9475-3966d688e5e6
fxcilee,7601ac73-5320-4313-9b84-3c6f0050c828
ironbot1218,238c206a-7f6c-411c-97e8-288e73ca20e4
godsick,1f502439-54c4-4ddd-9b53-7f63061fecb6
1rith,9eb3f883-48e6-41ab-8b53-f10a143d7ba1
toushen,8f2dbaf8-13de-4edd-9073-0bd250838016
vexilly09,515f954c-6030-4822-85d9-5cfc860e04b7
cosmosv2,6ee42b69-db5a-4b0c-bd1e-aa63bfe0dae5
maybenik,df3736e8-ac08-45f2-8a2f-66e8bc706b42
_carb,2bb41e6b-af9a-4191-90b0-9a6c8b2e0506
minecraftscube,07fce132-327b-491f-9277-1b6bbffd089f
barend110,003578a7-7adf-4c85-a130-8f2d607be785
notphys,61432333-e9dd-4b8c-a0eb-f16d2a9f13d8
z4nityy,6e7f41cc-1d65-450a-831a-33f5800784df
ummalquwain,a822bd5a-94ee-4987-9e67-9d937d038958
mucleck,003f419e-8564-4698-baac-76c282d0b5cb
olpx,cda5aa42-fb93-4e06-a5a8-13a832e4969f
garama,04381e04-06c9-4732-96c0-cf8d1882ad70
_jma,94919d7f-1763-4cc8-9ef5-7eed64dff1fa
doggie555,845aad0a-4e09-4282-b0c2-4688fa7a2955
ppux,ccf4b2b2-5ae0-4101-88f0-f311fc4fe6dd
dababneh,e50b857a-c527-4ff6-8eb6-837aafb00ee8
strqq,e8af186c-4c05-4330-b370-604637282d1c
patrickd2109,e557de9c-dbe3-43cd-a231-9a33c9670d1e
terruhble,4aa07402-09aa-470f-aa20-47493cfebca5
ccloakk,da5c8e6f-752c-46a5-b800-f6519b937e92
the_windmillman,3445c37a-da41-4472-b9a6-bca55250927a
random42o,367d894c-6cf1-4ce9-a688-e61dea6933cf
wlost,6b110b7f-547a-4b4f-9069-2532cf474ef2
notntg8,a9dc688b-a39d-4323-a5db-e313c9489557
mcsamj,913129f8-0c73-43f6-ad42-febcd47fb9ee
gimabis,e5481cbd-27d0-4413-acf9-41cc88b4aab8
_naha_,8b564094-9c2e-40f7-be56-e00a85fefea9
lohii245,f86b361a-a82e-4acc-98c7-57a4fda0f951
korv_,d3c602c5-b3df-4478-90b9-ef2e0365dbd8
monkeynick123ooh,b99fae32-7195-4663-932e-49562d9fc945
sihor,8113e05a-f78c-465f-b926-4cc6a7454c18
copiussurgeon,89a914a2-e1d7-4d3d-956c-950fb90abd41
kaeyed,f0a8d244-0689-49b1-adc0-82be8b48de92
majorhickory979,60e772e5-9638-4358-a233-ed3e67cbad46
4asdfg,6a83764d-c581-412c-b6de-616a29b250aa
aree,d54a527c-dcbe-4cf5-a77f-a3e98585f7b4
agentsparks_8,c6388c71-d3d5-42f5-95c8-06992ba3db82
e_linna,069d5180-f103-4181-ba31-675b843b341f
cipx,93d91328-3cd2-4340-a0dc-acc8b256d5cf
suikerdaddy,d3d10176-ed05-4483-896b-d736a2786f4b
gankrat,a5f374a1-6094-44fd-886b-ab7e6e161e13
chrqssy,f7fa8854-96dc-41a5-aced-feb621d73d4e
davidtrimmer2009,040f8b13-ac3f-4e50-b4c3-10dcb6e8a1a9
erwxn1337,e4fb5fe3-1e8f-46fe-89e1-6f1a56c2d815
n_jareau,b07ae95a-58ca-4934-b9c7-1c68d9a0976d
mortysmith123,269359e3-1a21-4b0c-a0fc-319ab4ac4921
pupunan,75c042b4-43b3-4f99-b06e-0290e1b3b5e8
xzotic_,e10d8c3b-bbc7-4d48-8baf-396a9398a384
silentstormsix,7fabf432-f89e-4b62-98c2-d518a71a9eb6
melee__,aa414996-b849-4241-8108-f9c22a109ae7
fikifrulica,ade9fe9e-99cd-461d-ae5b-d49f217bb68b
flgment,d2b85282-a59c-4dbf-85b5-5740f823b98c
presios,94eefb7e-06d2-4d3f-90f5-a44defa27c72
ssniperprincess,e4342c52-5a41-459c-bdd0-44b48982c3f5
bl8_,9c5a1c2e-76e9-4e09-81ff-e975f0ea1b3c
scuderi,b756aa10-97fc-4dd7-ad37-222844f37c1d
captainshanks,e91d7dd0-1816-4437-bc76-989d4fe1daef
adm8,7c43c8cf-1a6e-4a84-ae97-bab92be9c198
qxti,82e36475-6183-4d13-866b-06b77a0534e1
alexbearclaw,5dc00fbe-bb13-4150-b677-66dc3625f074
milutree123,5532436f-369e-4720-8caf-a1cb6b6c0b47
itzspicey,a12cb206-59c9-43a9-830d-9e17f6df820f
sleaseycheese,beca284b-f057-4d28-8aa5-f33549b71a5c
erigby,7c102007-d622-461a-aff4-3ec224e2df53
brinille,99db72ea-9c58-4325-bd29-f56c22e73612
davisin_,3475a416-b610-4ecd-a5be-550db7f55f53
nottolerable,ad8c7266-c923-4494-8203-c1fe80be39e3
reyko,2eedb599-e291-4f85-820c-58e5528e40b8
mellifluus,36609acb-f78a-4978-bbb5-2f293b3eb536
gamerduck123,7f16643c-0cd3-42ee-ad07-4d72f1508c0c
funyo,b6d0f3d5-caf0-41e4-8e32-2a521b60ee44
grrgggrr,a3511488-9644-4413-a992-46f4216356cd
doota,0ef8b91e-47a6-45dc-968a-c20fa812bde0
fak4,23dc58af-0139-4852-98af-88d20b90efc7
dexsx,b63fd8e2-12c9-442a-b3c4-85ab27b4d4d3
russinho,58870fea-6ef6-4122-a074-4b16d0c98f2e
lostnation,5c1aecf3-bc62-44bd-9b6d-c81107b1ac95
_srdjan,2aa44462-21b6-46e4-9b6d-742bcd32cf11
andrei321,44cb594c-03ba-4f0a-851f-9f2acdba7d41
squidyhypel,35315468-a5e2-4704-b0be-e4fd23fd8e2a
holycannon,e06226e5-8c5c-4e11-b82b-3164a25a953b
imm0rtal0ne,349a3f26-69cd-426b-a993-eebdcc9bc6e1
5ergi,1fdd5e12-7ef2-4b50-8a81-8ad6e7478411
xinhau,07836f9e-1ff2-4af1-b3b7-54f5edf8399f
puurg,023fb194-1b35-447f-80c1-500f0ea1f055
sehsgaiademon,049a0215-dc54-4511-9c6c-8dcb8bf4bdc4
byggarebob002,2a77549e-900f-4334-947d-4968d79dfcd1
tqnooki,26aa58e9-93e0-447c-9a62-e480d6026e24
conclusionz,b7ea4a38-d237-4f71-9b42-77074556e58f
notlaqos,67f8ea28-3080-486e-9744-36d97f0612dc
paspadu,29daeb54-07bb-49e4-80d6-6bf4ecb0f9b7
xonks,f43d7827-b211-4cd5-8eeb-03272b9e30b5
xx_samutana_xx,f33d3de8-f40b-4169-80b4-5977633cebf4
___chicken_,d4e87d81-689c-4803-8e07-5a072885357d
minty8,08ca761f-06e0-482b-9f24-49babf94e0db
uwu3bdogm_,4c12edd4-c88a-4306-842d-7698483fc510
iwithered,220b4420-d6bf-43fe-bf5f-ee7a1656b2e2
spitfire_08,6b95e688-0803-4be7-a1e5-df72804c9c5a
nqpz,c4acb40c-fda2-4f5a-a7bd-6a4c231596a8
tempfxdqjwz,679f04ee-af67-4a83-bfba-2ef9488d23b5
marshaltito,2a2b83d7-9d85-4816-9554-7ca6bf23341b
santasbadelf,97571727-af59-4e3c-a458-3c6664cfe7d2
killuathecat,59b4f18d-adf4-45d6-bb4c-ed8a0ead1b44
euez,71a795a9-b1b7-41eb-953b-9f8712d6f92c
levvsss,d549256d-cc1f-4adc-8189-d64c8a58fa6b
m0_bamba,18674344-6fe0-4c56-bf6a-99e33117d0cb
idueli,5d6c54c8-855b-4793-a1e7-6281486db7cf
biz0n_cz,a538a647-c7f7-429a-bee5-e82df4bde8f8
edotbabyyy,4cbc6300-cf78-4d99-9c5b-a6956abddddd
discordkitten64,33cd215f-e842-4ce3-9060-f5d0a0d2be1e
rolyy,e03de4a6-fc60-4c19-81ae-36f95ce04634
sebbyv,f14ab6db-94b5-4569-b5ba-41b83afcecc7
chubd,42e79fb5-fb2e-4e2f-aae4-e5b0cd969d29
minecraftpro1939,0385e06f-252b-417c-a0bb-eb22b101ae65
olivrrpb,4c1d723a-c2a7-4a4b-8eef-6cf007dd6a46
4george,22e5e658-6e55-4f35-8db1-95501399c5bc
mujan,e74ec044-3d9a-4ef8-b077-2051e4a48d83
simplylohi,f86b361a-a82e-4acc-98c7-57a4fda0f951
avenqing,03e70779-a53d-4803-b916-73ff7a597d60
ireland__,18674344-6fe0-4c56-bf6a-99e33117d0cb
masterexplode,2dea0cf9-586e-4931-bc44-d5ccdad43cb2
_thatkid,b974e6dc-6129-4c98-9369-8661d080358b
obqmq,9df75779-eddf-4b99-8d06-8e47485ecd6c
mecass,43471790-2a23-4def-925e-3d6004e2c430
scotrian,2058145c-8af1-4bae-8364-e910dd420b77
allucuh,08e9353f-6f4c-4af3-849a-8b1753905910
mpca,98e6b6f2-0f13-4499-b2e4-b128658a66a2
robochef15,41e178fc-e8b4-4051-a579-5f0b7522d850
walties,7bfdedcc-3a7a-489e-8e6d-c3d25eb591c0
retakkes,d96cac76-729c-496d-8f4a-91c8001e95bd
clqne,2c6fc536-075c-40cd-ac2b-e7c5d08a2032
sophomania,a638e622-2241-4a6d-b1bb-c18b9bb4aec3
lartuenyobgib,ef3d29f3-0fc8-4b34-a211-b8ac3589a14c
kolton29,8676df73-d4ee-45e2-9d45-5fd9b5fc33c1
mineplayz6904,952fb06e-8653-4f0c-9f40-b4ab56d2b38b
alluhatescanada,24d3f745-161c-43f1-92df-a99d06fc60e0
vamsterzzz,9fffaa50-b9ec-4310-878a-fe0250af3064
clappedcookie,b3158ad1-d440-4cd7-9030-cb4443f2f873
drunkencup,89a914a2-e1d7-4d3d-956c-950fb90abd41
potpvperr_,43471790-2a23-4def-925e-3d6004e2c430
fizzbruv,3afe74de-f52e-4f2b-b92e-b4e553deee4b
kingofvolarys,ca92bf79-7280-43e8-9f30-03733fe32dcd
_po__,58550fcf-0a22-43ca-b0c2-c4a35d3c1778
xkotaro,92d660f3-4fb5-4c13-aa8a-b8a1f48483e1
cyztm,5fec7bb3-de92-402c-8b34-fc6a60ebef99
blockworks123,13d27295-93bf-402a-8108-f8822e4adceb
anna897,a03f2689-b650-4f86-b39f-ce8e370fc6e6
wemnaa,b04148a7-83c1-4393-acab-39b93b423cc3
youngmoneyskyrta,24df01ed-4c0c-44da-bb3d-ee5de5bb112f
_laa_laa,facee87e-245e-4682-8f51-577eb0db126d
coolkidfilip,ade9fe9e-99cd-461d-ae5b-d49f217bb68b
edottree123,f501a590-3133-4727-ba8f-bee66e4d401b
aesyr,a6bcb18c-7bae-44fd-8410-1defcf27d40a
underfoo,5aa101b0-2455-46de-bdb2-aed3f695c5ac
bovada,f5882ca9-ab4a-499e-8075-78a2d0f5c8c9
urafatty,d4e87d81-689c-4803-8e07-5a072885357d
untrusty,ce359d71-7d04-4f95-b40a-0b98db86d97b
coolchacha97,57b575c9-876a-4ff1-b6bc-d7d29a8976eb
kalkapat,474246f4-621d-45b1-9345-ce14aba66d25
howareyoubad,a7f8d29a-664f-499c-ba5c-05586a6fb6a2
squidyhype,cfcd54e5-ffd0-4e0c-9aec-05b1a7b0bbfa
sml128,d01d0d62-26ee-41b0-b6c3-d8d723b519f1
vertq,42bc9d1b-abbc-4318-8df5-57a2779bab48
serenasalsa,fdee2172-cbc4-429b-b31f-80ab33914fd3
sluys,62513193-5ead-4873-85d3-973c6de6256c
canthitme,544058b4-95d7-4433-9050-046cb58040ab
bigboyyacht,b75fa261-d661-43ba-93f4-51075ee81b72
mxxxz,869a6e0f-bb05-43f4-ae0d-6f1ad17e0b2d
yea_shuw,17eb5217-942c-4446-ae31-0752ceff5eb4
7krieg,423444a2-ca9b-47ef-bd3e-44c81998990c
_liumang_,ab16bd65-cf09-4ae1-a2d0-a7185be83048
eronidas,b7a87f0a-0eba-4de1-8b4e-01eef0a6d4d6
lylo,62cd56b6-d110-4663-81ec-04738c128319
yazooisgoated,abf996ca-ec6c-4bff-aa9e-e51b335d60de
fishoillover,780df3b3-fc1d-490c-9acd-26aa0b0bbbe5
kingofearthtowny,c885e346-d794-4754-a414-f87b6d65a02e
haydqn,d5821349-b219-45a7-9d11-0bb96fa31623
heirene,8d160411-4219-4e46-a255-02380cc7e1eb
_1tax,5a22c16b-162f-4be5-b5a3-9ec9c9890bc9
hichi475,123eed1a-5bc1-41fd-bb9f-1486b533eaf3
maznqrchetobg,c3e8b27c-514a-4109-a5d4-4f0e10d748e3
mintqy,08ca761f-06e0-482b-9f24-49babf94e0db
n4p0l30n,6c8b9dff-31b1-4e75-a56a-215bb3c75b76
naples_escobar,64e83237-8c23-4562-bfbc-fdaa36a98771
windows10laptop,9a39991e-8f91-43ac-94a0-9ea13b7a108e
wootiger,07836f9e-1ff2-4af1-b3b7-54f5edf8399f
tr3v0x,af053a18-6baa-457a-b613-ad75f43f9899
domibanana,ffb21e7c-e8ee-47ec-87bf-64c6903607f8
metro__b00min,4e1f5570-51fd-422b-930d-905f9dc9fb23
titan_a,2e53e5b7-602d-4af4-805f-d660282ad96e
unreadi,727803e7-6f67-403e-905a-555de1e1ee99
